Name,Quantity,Component
"PIR2",1,"-152.71125659906397 , -121.2965907628224 , -180.44433730630823 , -216.17633531317588  PIR Sensor"
"U1",1," Arduino Uno R3"
"PIR1",1,"160.25576246736162 , -241.33737584947792 , -183.66901528879777  PIR Sensor"
"PIR3",1,"-236.32273580072322 , 36.64118291834217 , -152.32751498408112  PIR Sensor"
"SERVO1, SERVO2, SERVO3",3,"Positional Micro Servo"
